,Sensationalism,Bite,Death,Figure_species,Figure_bite,Expert_arachnologist,Expert_doctor,Expert_others,Taxonomic_error,Venom_error,Anatomy_error,Photo_error
Correlation with positive,-0.06929464921038184,-0.060137235280277944,-0.03438313499664597,-0.00940558080026506,-0.10190721912953551,-0.04304189166481325,-0.04974176427698732,-0.025895107914574184,-0.06174627091254779,-0.06342497976203877,-0.028934823561512737,-0.10924137720558044
p-value with positive,0.0013633189681833036,0.005464590799992764,0.11239867126974994,0.6644043254066118,3.0383025135055566e-06,0.04685369492991211,0.021597689690757062,0.23191135488570308,0.004334053818601248,0.003460162344923278,0.18160348049983363,2.0979607505908616e-05
Correlation with negative,0.2369986525114848,0.07795228639923862,0.10184146568194867,-0.030664395617197433,0.18577307255505257,-0.09587012164006185,0.04402256870220512,-0.009899367358649816,0.008085279234449029,0.16619198303199603,0.019223250128673205,0.055806827231696145
p-value with negative,1.2871177943464289e-28,0.00031389494330872014,2.4410908520937505e-06,0.157149802686396,1.1049028666036842e-17,9.193176139044803e-06,0.042057550968213925,0.6477144145164747,0.7089987893221646,1.2920701758742086e-14,0.3748764531926635,0.03012249438019529
