,Sensationalism,Bite,Death,Figure_species,Figure_bite,Expert_arachnologist,Expert_doctor,Expert_others,Taxonomic_error,Venom_error,Anatomy_error,Photo_error
Correlation with positive,-0.1623519602273737,-0.0394319126172114,-0.015528364483516558,-0.05535127231509963,-0.13908300783127706,-0.03181660606361916,-0.050494785192196426,-0.012231917734304444,-0.1043821853068653,-0.12407181020845495,-0.027732008913548847,-0.11630949358855011
p-value with positive,4.441194010651573e-14,0.06851042405011176,0.47329537854492565,0.01058138844878048,1.672980121423166e-10,0.14166169049830793,0.01963307837026181,0.5721561618739133,1.3417114340751737e-06,9.56616488952701e-09,0.20023484206467035,5.738881952912917e-06
Correlation with negative,0.1623519602273737,0.039431912617211386,0.015528364483516577,0.055351272315099634,0.139083007831277,0.03181660606361918,0.050494785192196426,0.012231917734304447,0.10438218530686531,0.12407181020845495,0.027732008913548833,0.11630949358855014
p-value with negative,4.441194010651573e-14,0.06851042405011176,0.47329537854492565,0.01058138844878048,1.672980121423166e-10,0.14166169049830793,0.01963307837026181,0.5721561618739133,1.3417114340751737e-06,9.56616488952701e-09,0.20023484206467035,5.738881952912829e-06
