,Sensationalism,Bite,Death,Figure_species,Figure_bite,Expert_arachnologist,Expert_doctor,Expert_others,Taxonomic_error,Venom_error,Anatomy_error,Photo_error
Correlation with positive,-0.30678908919669706,0.027981002680842647,0.04343120931774823,-0.07549610718176769,-0.13682282451049807,0.00913370848191468,0.019144087156487216,0.00037067194529331594,-0.07122111945968163,-0.15193270480209858,-0.03673156951487105,-0.13517630890990273
p-value with positive,1.9418156504466625e-47,0.1978036102516801,0.045555676452523286,0.0005079055453137646,3.8180126953897496e-10,0.6742602799090316,0.378306544471124,0.986391180598187,0.0010325645274561251,2.289362644805791e-12,0.09087088735416507,1.465177677066319e-07
Correlation with negative,0.2971997994765127,-0.03095596459790478,-0.04594544712637251,0.06745011149763702,0.12484262466987549,-0.010203576513774945,-0.0205254640225523,-0.02531255450016502,0.06797851606066142,0.1555198634751482,0.031322509491899436,0.14374931215524026
p-value with negative,1.7101091686126632e-44,0.15420910387858286,0.03439955915018963,0.0019018781819019632,1.139676727590534e-08,0.6386814982553269,0.3448603391641904,0.2440283820654088,0.0017377193323546561,6.805985972821903e-13,0.149387083676859,2.2231015739249325e-08
Correlation with neutral,-0.17288948343089763,0.02391356023716111,0.032667424139636046,-0.030513665678949232,-0.06121165794765062,0.00801496183075238,0.014977388835813068,0.053006082206253996,-0.03798568332604424,-0.1039706891435129,-0.01168448170592814,-0.10699984657190087
p-value with neutral,1.0909328994599715e-15,0.27108341836289873,0.13267528286959535,0.16048035764383337,0.005260967009393226,0.7122582968741163,0.490670545843769,0.014652339730870028,0.0803616158139854,1.7012812111450032e-06,0.5907876358486117,3.267931905873835e-05
