,Sensationalism,Bite,Death,Figure_species,Figure_bite,Expert_arachnologist,Expert_doctor,Expert_others,Taxonomic_error,Venom_error,Anatomy_error,Photo_error
Correlation with positive,0.2181112301770629,-0.02263630700075815,-0.06620251594434386,0.014153959859599458,0.06931529433087141,-0.04858722056653944,-0.05913313102832309,-0.04266249400695476,-0.01495805535447948,0.10411391734277475,-0.00710253249842087,0.08332737983106954
p-value with positive,3.855619920531835e-24,0.29866068059136364,0.002345975204069739,0.5161166772411907,0.0016146009103912683,0.025625753268825248,0.0065870063093290306,0.050063476286937504,0.4922556693813432,1.7420254702825406e-06,0.744376130887113,0.0012846781213341528
Correlation with negative,0.32587314175365745,0.11854481273082117,0.02548301514598451,0.04510312773776791,0.18349639544343796,-0.027656842163897688,0.04294323411538095,-0.05551231344231174,0.10806517164993099,0.21449751653499918,0.02814000763517445,0.223909551818202
p-value with negative,2.1674417417614474e-53,4.7248774501713803e-08,0.24198007073174296,0.0384381291301611,4.135955494809355e-17,0.2041203119305579,0.048572283463576796,0.010759965799812355,6.505245606054268e-07,2.8004971578653425e-23,0.19632469055107185,2.1898425473409482e-18
Correlation with neutral,-0.3654788453891214,-0.06368943437381061,0.020021273376555206,-0.04118592060191757,-0.1692757030026156,0.05689745866017855,0.006511583661570054,0.061863269632635165,-0.06317096694484092,-0.2072119978950051,-0.012464436058626953,-0.19633481588653404
p-value with neutral,1.1074561133590004e-67,0.0034247408809860752,0.357980999872029,0.058731333576272096,9.385748121464741e-15,0.008945268786448546,0.76499055505072,0.004473146750006262,0.0036969897289944077,8.448492027200587e-22,0.5671637744929034,2.060319405178345e-14
