,Sensationalism,Bite,Death,Figure_species,Figure_bite,Expert_arachnologist,Expert_doctor,Expert_others,Taxonomic_error,Venom_error,Anatomy_error,Photo_error
Correlation with positive,-0.019269306483301385,0.02417550264250253,0.01581528608811686,-0.08802617827175173,-0.012277924449837795,-0.09966621092357253,-0.046842230166535215,-0.04851471821067649,-0.02826540460354579,-0.022637869976931783,-0.04262153430363199,-0.03884105393404546
p-value with positive,0.37418201361330955,0.26485392152720927,0.46578664413405796,4.818400939191495e-05,0.5751714697281893,4.075737829253429e-06,0.03067460525875678,0.025186814788864472,0.19233894492466108,0.2975978499797934,0.04925905825037914,0.131392610228639
Correlation with negative,0.24121713399597042,0.19702520108104382,0.04912906270471228,-0.04628380419184917,0.19667314229100621,-0.0436249439850918,0.06410561353417726,-0.04023955981237158,0.1353331379852457,0.22442711123918463,0.011405742181229554,0.2169669999744582
p-value with negative,1.460254186875037e-29,4.4865377905550144e-20,0.023395968381521057,0.03284536576828421,1.2357917919314398e-19,0.0441484738792364,0.0030842922136113007,0.06340247566602247,3.6194413142987277e-10,1.338836918110225e-25,0.5989011395720256,1.5171218401890086e-17
