,Sensationalism,Bite,Death,Figure_species,Figure_bite,Expert_arachnologist,Expert_doctor,Expert_others,Taxonomic_error,Venom_error,Anatomy_error,Photo_error
Correlation with positive,-0.1338761624130731,-0.0377027397477566,-0.023999933035069254,-0.02699609964513859,-0.12159409224334014,-0.013016551428291084,-0.06972106635369373,-0.003344586174001728,-0.10422812985712537,-0.10178781741035393,-0.01684441882553092,-0.13273763788575418
p-value with positive,5.290321237571865e-10,0.08156199244839098,0.2676664157181414,0.21276338107256543,2.420370286586926e-08,0.5477621977966863,0.0012660232280021129,0.8772548711720565,1.3909241435086502e-06,2.5807856165291273e-06,0.4366199459432541,2.2588748328463644e-07
Correlation with negative,0.13387616241307307,0.03770273974775661,0.023999933035069268,0.026996099645138633,0.12159409224334011,0.013016551428291088,0.06972106635369373,0.0033445861740017367,0.10422812985712537,0.10178781741035392,0.0168444188255309,0.13273763788575416
p-value with negative,5.290321237571865e-10,0.08156199244839098,0.2676664157181414,0.21276338107256543,2.420370286586926e-08,0.5477621977966863,0.0012660232280021129,0.8772548711720565,1.3909241435086502e-06,2.5807856165291273e-06,0.4366199459432541,2.2588748328463644e-07
