,Sensationalism,Bite,Death,Figure_species,Figure_bite,Expert_arachnologist,Expert_doctor,Expert_others,Taxonomic_error,Venom_error,Anatomy_error,Photo_error
Correlation with positive,-0.26011364011226684,-0.0029665746767147602,0.03731151778002363,-0.05657986543579452,-0.13710719303494912,-0.028321418940967243,0.031154848698732456,0.004221155135991151,-0.05201665576140669,-0.14625986870329424,-0.045349051942700946,-0.132928318888847
p-value with positive,4.431684571987849e-34,0.891493721731113,0.08610367202840803,0.009268473451279133,3.6130145100809916e-10,0.19271657768767453,0.15186845714114183,0.8460935348955246,0.016686736210473944,1.5202574021167613e-11,0.03694328550022247,2.4015728552389263e-07
Correlation with negative,0.22412139309254417,0.051794886287266965,0.08918759026287601,0.0035092644163060246,0.1380845109514791,-0.05176486657463152,0.01927968547002899,-0.01083216456128315,0.005043005594655381,0.14232309612807942,0.04046501331497775,0.015677787140558154
p-value with negative,1.645393045049612e-25,0.017157276282960206,3.9674671028479066e-05,0.8718926257800472,2.701356255040985e-10,0.017221856300950935,0.37527622504102975,0.6184011935742905,0.8166176282069373,5.2920182923488836e-11,0.06267456419717136,0.5441651474225103
Correlation with neutral,0.09240687181318369,-0.03602971407876174,-0.1046380739992627,0.0541960555268162,0.03472499204420095,0.06742591538429919,-0.045805370610288026,0.0039193097279051434,0.048436061340386805,0.03952860221475663,0.015062923246768731,0.12206182550803234
p-value with neutral,2.0596634215343058e-05,0.09745531958036464,1.4007693260470778e-06,0.012695525878448187,0.11389156240632908,0.001909069594224296,0.03508238089476121,0.8569759098239575,0.0258420607355115,0.0696658873458872,0.48850528367172485,2.1408962459924206e-06
