,Sensationalism,Bite,Death,Figure_species,Figure_bite,Expert_arachnologist,Expert_doctor,Expert_others,Taxonomic_error,Venom_error,Anatomy_error,Photo_error
Correlation with positive,-0.04333276641215278,-0.10493220937341324,-0.035415228190117276,0.021049426208441073,-0.08178664918277151,-0.06862868198560913,-0.05054308275559755,-0.01696632091652947,-0.056089912331825705,-0.0650873623047354,-0.033891725366934015,-0.11094678039606416
p-value with positive,0.04528428137177911,1.1793020582340677e-06,0.10184942311175296,0.3313167194837503,0.0001805170899817439,0.0015090096750146097,0.019516179349757527,0.4333076493035118,0.00953596414687975,0.0026839110067903562,0.1174573479435546,1.553058638483327e-05
Correlation with negative,0.28126796573902857,0.10533165637996256,0.09191518392486717,-0.033039428370824575,0.19084676265037331,-0.10131461843096369,0.03675141311141754,-0.03201184590559644,0.009373743107178648,0.2059557074671757,0.040850442146783836,0.08110009384415365
p-value with negative,4.0989309562232e-40,1.0733852164402038e-06,2.1040057217931932e-05,0.1272415050532921,1.310260076019814e-18,2.7229649955146045e-06,0.08956118314018684,0.13923281723247252,0.6651022451694812,8.68076040120108e-22,0.05913069847766942,0.0016103122155554485
