,Sensationalism,Bite,Death,Figure_species,Figure_bite,Expert_arachnologist,Expert_doctor,Expert_others,Taxonomic_error,Venom_error,Anatomy_error,Photo_error
Correlation with positive,0.0018638662861701397,-0.03747701043239812,0.0007871328440978567,-0.017888790828972524,-0.02755764905507599,-0.10815365293409153,-0.03764448659825249,-0.0390001690457408,-0.06391757513962165,-0.02285898896580037,-0.014327241942928504,-0.031315397332777564
p-value with positive,0.9313934938428358,0.08333324011119667,0.9709972739216242,0.4089373684280216,0.20758648073537558,5.434497853592288e-07,0.08196287961234668,0.07153020538126137,0.0031230043021234183,0.29210593315241234,0.5080950584318283,0.2236144071515588
Correlation with negative,0.2712510751159459,0.23529708716982917,0.0466594082099513,-0.05839857611300071,0.22981889269216096,-0.03590167951708167,0.04903220960100524,-0.06539871933146287,0.1364759687217747,0.2553324991928482,0.01438544740557677,0.2458284875556423
p-value with negative,2.4371249915244824e-37,2.9453277426473568e-28,0.03105522140213096,0.006979401695841507,1.7316105654472118e-26,0.09715063926246044,0.0234420597871064,0.0024946216288536886,2.3973042841496407e-10,5.422629426578392e-33,0.5063731008162583,3.008282287286686e-22
