,Sensationalism,Bite,Death,Figure_species,Figure_bite,Expert_arachnologist,Expert_doctor,Expert_others,Taxonomic_error,Venom_error,Anatomy_error,Photo_error
Correlation with positive,-0.05378705307507989,0.15725598244996955,0.025611426003326006,-0.12628535224308152,0.0062695062610858675,-0.09640324206012063,-0.06873954082175385,-0.04999709576412613,-0.021206099481370123,0.10455336526092651,-0.07288819478083525,0.0023973350705919372
p-value with positive,0.1846152529970818,9.608853607986712e-05,0.5278040627797496,0.0017928094861387595,0.8807553014951043,0.01723526433128893,0.08983552254996473,0.21754754796447975,0.6011576136698095,0.009946655841468812,0.07203347484432171,0.959962036481588
Correlation with negative,0.22949625509558316,0.03878944999569144,0.022352169142311674,0.10051877086946237,0.1781227432677071,0.07061888540299462,0.08719641212481534,-0.049540907506270826,0.07053564615038377,0.16335624477330976,0.047162562630598724,0.1041994573722297
p-value with negative,9.85490573202968e-09,0.3388582221777072,0.5816375402815146,0.013072545557027746,1.736389553213266e-05,0.08137614041574007,0.03129684600169124,0.22177918902498456,0.08173665923980064,5.264455194113436e-05,0.24479402517787702,0.028674184700839097
Correlation with neutral,-0.175355495519972,-0.12547279146251936,-0.046252282232250065,-0.02110884007329638,-0.1684429659687427,-0.004535593827702288,-0.03718570333187385,0.06430215484540555,-0.05330465214903393,-0.2000832088029529,-0.00306816111840597,-0.09369608324978215
p-value with neutral,1.3253746804330209e-05,0.0019036161273115108,0.25403037900477726,0.6031262473159719,4.9205018192025334e-05,0.9109885597922741,0.3592199578966969,0.11261895299746626,0.188589807834193,6.705592660003967e-07,0.9397192457469166,0.049256938360712835
